{"cameraMode":{"drawMode":0,"name":"Shaded","section":"Shading Mode"},"sceneLighting":false,"audioPlay":false,"sceneViewState":{"showFog":true,"showMaterialUpdate":false,"showSkybox":false,"showFlares":true,"showImageEffects":true,"showParticleSystems":true},"in2DMode":false,"pivot":{"x":-0.5980714559555054,"y":-1.0610480308532715,"z":0.24091553688049317},"rotation":{"x":0.16389189660549165,"y":-0.829789936542511,"z":0.3169003129005432,"w":0.4291457533836365},"size":2.1247448921203615,"orthographic":false}