{"cameraMode":{"drawMode":0,"name":"Shaded","section":"Shading Mode"},"sceneLighting":false,"audioPlay":false,"sceneViewState":{"showFog":true,"showMaterialUpdate":false,"showSkybox":false,"showFlares":true,"showImageEffects":true,"showParticleSystems":true},"in2DMode":false,"pivot":{"x":-3.8488574028015138,"y":2.1350860595703127,"z":2.3308842182159426},"rotation":{"x":0.16389189660549165,"y":-0.829789936542511,"z":0.3169003129005432,"w":0.4291457533836365},"size":0.2598077952861786,"orthographic":false}